label,timestamp,duration,pkg,dram,socket
IoT,1724940152.8569803,1168.386,20690.0,1892.0,0
IoT,1724940152.8582926,662.193,14038.0,1099.0,0
IoT,1724940152.8591404,722.166,16785.0,1404.0,0
IoT,1724940152.8599834,636.745,0.0,0.0,0
IoT,1724940152.860786,678.763,17273.0,1403.0,0
IoT,1724940152.8616138,747.178,17883.0,1343.0,0
IoT,1724940152.862511,711.22,16724.0,1343.0,0
IoT,1724940152.863375,721.246,17883.0,1404.0,0
IoT,1724940152.8642612,711.438,17456.0,1404.0,0
IoT,1724940152.8651378,715.543,17029.0,1281.0,0
IoT,1724940152.8660305,755.304,0.0,0.0,0
IoT,1724940152.866954,747.128,0.0,0.0,0
IoT,1724940152.8678415,705.638,17212.0,1343.0,0
IoT,1724940152.8686988,784.121,15991.0,1343.0,0
IoT,1724940152.8696184,746.158,17334.0,1464.0,0
IoT,1724940152.870517,709.283,17517.0,1343.0,0
IoT,1724940152.8713593,750.448,18860.0,1404.0,0
IoT,1724940152.8722837,748.431,16907.0,1282.0,0
IoT,1724940152.8731854,726.264,17883.0,1403.0,0
IoT,1724940152.874027,667.725,0.0,0.0,0
IoT,1724940152.8748531,699.768,18005.0,1404.0,0
IoT,1724940152.8756866,713.859,17883.0,1404.0,0
IoT,1724940152.8765862,763.441,17029.0,1343.0,0
IoT,1724940152.8774977,703.351,16174.0,1343.0,0
IoT,1724940152.8783662,757.474,17334.0,1342.0,0
IoT,1724940152.879259,742.4,16480.0,1282.0,0
IoT,1724940152.8801472,767.167,16540.0,1404.0,0
IoT,1724940152.8810554,673.328,0.0,0.0,0
IoT,1724940152.8818853,729.238,18067.0,0.0,0
IoT,1724940152.8827565,739.554,16662.0,1282.0,0
IoT,1724940152.8836432,720.366,18433.0,1403.0,0
IoT,1724940152.884496,683.436,17395.0,1343.0,0
IoT,1724940152.8853283,678.986,17212.0,1343.0,0
IoT,1724940152.8861527,671.197,18371.0,1404.0,0
IoT,1724940152.8869746,721.841,0.0,0.0,0
IoT,1724940152.887849,684.645,18066.0,0.0,0
IoT,1724940152.88869,767.118,18433.0,1465.0,0
IoT,1724940152.8896155,767.669,15869.0,1282.0,0
IoT,1724940152.890542,732.48,17212.0,1282.0,0
IoT,1724940152.8914225,708.191,17029.0,1404.0,0
IoT,1724940152.892295,728.149,17578.0,1403.0,0
IoT,1724940152.8931797,767.621,17151.0,1282.0,0
IoT,1724940152.8941047,731.982,15869.0,1221.0,0
IoT,1724940152.8950138,775.684,19287.0,1648.0,0
IoT,1724940152.895964,801.284,19409.0,1831.0,0
IoT,1724940152.8971972,853.964,17456.0,1770.0,0
IoT,1724940152.8982682,781.814,18555.0,1892.0,0
IoT,1724940152.8992007,720.286,17273.0,1526.0,0
IoT,1724940152.9000726,649.578,0.0,0.0,0
IoT,1724940152.900897,698.366,19653.0,0.0,0
IoT,1724940152.9017608,715.693,17273.0,1342.0,0
IoT,1724940152.9026241,703.914,16845.0,1404.0,0
IoT,1724940152.9034717,721.574,17273.0,1404.0,0
IoT,1724940152.9043615,752.093,16907.0,1343.0,0
IoT,1724940152.9052765,752.907,17517.0,1282.0,0
IoT,1724940152.90617,696.191,15503.0,1342.0,0
IoT,1724940152.9073977,703.382,15625.0,1160.0,0
IoT,1724940152.9082425,704.872,19104.0,1526.0,0
IoT,1724940152.9090927,676.045,0.0,0.0,0
IoT,1724940152.9099076,658.979,0.0,0.0,0
IoT,1724940152.910715,687.292,18799.0,1465.0,0
IoT,1724940152.911558,660.299,17517.0,1342.0,0
IoT,1724940152.9123654,702.246,16601.0,1343.0,0
IoT,1724940152.9132166,744.608,17945.0,1404.0,0
IoT,1724940152.9141154,687.819,0.0,0.0,0
IoT,1724940152.9149528,716.567,0.0,0.0,0
IoT,1724940152.9158096,693.515,16236.0,0.0,0
IoT,1724940152.9166527,733.482,18127.0,1404.0,0
IoT,1724940152.9175296,729.123,17334.0,1404.0,0
IoT,1724940152.918375,694.266,17395.0,1404.0,0
IoT,1724940152.9192133,683.727,18371.0,1465.0,0
IoT,1724940152.9200196,668.521,0.0,0.0,0
IoT,1724940152.920802,685.389,18616.0,1404.0,0
IoT,1724940152.9216335,708.63,18005.0,1464.0,0
IoT,1724940152.922459,728.272,18128.0,1404.0,0
IoT,1724940152.923303,681.004,18432.0,1404.0,0
IoT,1724940152.9241316,660.535,0.0,0.0,0
IoT,1724940152.9249396,692.035,0.0,0.0,0
IoT,1724940152.9257462,746.285,18372.0,1465.0,0
IoT,1724940152.9266062,705.065,18676.0,1403.0,0
IoT,1724940152.9274316,662.102,16785.0,1343.0,0
IoT,1724940152.9282289,699.412,18250.0,1465.0,0
IoT,1724940152.9291098,723.198,17822.0,1404.0,0
IoT,1724940152.930001,728.783,0.0,0.0,0
IoT,1724940152.9308646,673.753,0.0,0.0,0
IoT,1724940152.9316719,684.855,18128.0,1403.0,0
IoT,1724940152.9325037,738.345,16296.0,1343.0,0
IoT,1724940152.9333894,750.402,18067.0,1343.0,0
IoT,1724940152.934273,684.268,18798.0,1404.0,0
IoT,1724940152.9351003,719.819,19409.0,1648.0,0
IoT,1724940152.9359725,692.5,0.0,0.0,0
IoT,1724940152.9368238,654.051,19410.0,1587.0,0
IoT,1724940152.9376261,784.177,16418.0,1648.0,0
IoT,1724940152.9385562,775.807,17944.0,1648.0,0
IoT,1724940152.9394732,757.041,17823.0,1403.0,0
IoT,1724940152.940367,44400.157,182555.0,20203.0,0
IoT,1724940152.9851186,43563.858,131348.0,19714.0,0
IoT,1724940153.0293405,91669.491,166382.0,35767.0,0
IoT,1724940153.1215346,3211.714,13183.0,2380.0,0
IoT,1724940153.1253643,2696.369,9338.0,1892.0,0
IoT,1724940153.1285038,2729.576,8851.0,1709.0,0
IoT,1724940153.13171,2609.994,9460.0,1831.0,0
IoT,1724940153.134866,2877.28,13183.0,1709.0,0
IoT,1724940153.138396,2704.119,9400.0,1953.0,0
IoT,1724940153.1416132,2853.741,9155.0,1893.0,0
IoT,1724940153.1450243,2692.236,7080.0,1892.0,0
IoT,1724940153.1484518,2934.281,9155.0,1709.0,0
IoT,1724940153.1522744,2634.766,8911.0,1831.0,0
IoT,1724940153.1554136,2731.56,8606.0,1831.0,0
IoT,1724940153.1587179,2690.798,10132.0,1770.0,0
IoT,1724940153.1620743,2787.634,9887.0,2075.0,0
IoT,1724940153.1654174,2796.462,9766.0,2136.0,0
IoT,1724940153.1689422,3240.075,12878.0,2747.0,0
IoT,1724940153.172759,2854.135,10925.0,2502.0,0
IoT,1724940153.1762707,2931.041,9705.0,1953.0,0
IoT,1724940153.1797917,2854.966,8667.0,1770.0,0
IoT,1724940153.1832936,2889.468,9765.0,1709.0,0
IoT,1724940153.186976,2826.931,12330.0,1770.0,0
IoT,1724940153.190467,2857.119,8789.0,1831.0,0
IoT,1724940153.1939456,2835.066,12573.0,2381.0,0
IoT,1724940153.1974099,2798.787,9765.0,1892.0,0
IoT,1724940153.200849,2574.263,9400.0,1892.0,0
IoT,1724940153.204054,2620.154,5616.0,1831.0,0
IoT,1724940153.2073858,34677.341,81237.0,15442.0,0
IoT,1724940153.2427888,31264.984,79163.0,15869.0,0
IoT,1724940153.274595,31466.489,77819.0,15686.0,0
IoT,1724940153.306625,31617.569,76721.0,15686.0,0
IoT,1724940153.338926,39158.23,92468.0,18127.0,0
IoT,1724940153.3786402,23534.211,57923.0,10437.0,0
IoT,1724940153.4026387,39595.67,91552.0,18799.0,0
IoT,1724940153.442668,47732.035,107422.0,21301.0,0
IoT,1724940153.4908206,47504.732,105773.0,20690.0,0
IoT,1724940153.5389013,47458.671,102417.0,20263.0,0
IoT,1724940153.5868309,47451.884,104369.0,20874.0,0
IoT,1724940153.6349442,47298.126,102722.0,20630.0,0
IoT,1724940153.682851,47592.711,107117.0,20508.0,0
IoT,1724940153.7312415,48975.519,108765.0,21545.0,0
IoT,1724940153.780944,45462.955,100647.0,20447.0,0
IoT,1724940153.8271623,47101.868,104797.0,20447.0,0
IoT,1724940153.8749487,47408.203,101928.0,20630.0,0
IoT,1724940153.9230528,39641.496,91247.0,18250.0,0
IoT,1724940153.9634268,46969.938,106201.0,20935.0,0
IoT,1724940154.01109,47293.44,102112.0,20447.0,0
IoT,1724940154.058942,47486.361,103333.0,20996.0,0
IoT,1724940154.107136,44209.389,97290.0,19897.0,0
IoT,1724940154.1520097,42434.728,96985.0,19471.0,0
IoT,1724940154.1949203,47526.288,107726.0,21301.0,0
IoT,1724940154.243147,47326.696,106506.0,21240.0,0
IoT,1724940154.291102,47531.609,109619.0,21606.0,0
IoT,1724940154.33927,43159.111,96741.0,19776.0,0
IoT,1724940154.3831015,43440.293,100891.0,20019.0,0
IoT,1724940154.4271803,31453.055,74706.0,14404.0,0
IoT,1724940154.4594243,31296.445,78308.0,15747.0,0
IoT,1724940154.491409,31355.875,76355.0,15870.0,0
IoT,1724940154.523349,47197.849,114258.0,21728.0,0
IoT,1724940154.5711527,31418.676,75439.0,14954.0,0
IoT,1724940154.6032085,31460.864,77759.0,15747.0,0
IoT,1724940154.6352978,32779.075,78979.0,16296.0,0
IoT,1724940154.6686888,37962.259,87830.0,17701.0,0
IoT,1724940154.7072983,32391.214,81054.0,16174.0,0
IoT,1724940154.7403245,46866.08,131592.0,22278.0,0
IoT,1724940154.7877364,47316.165,99121.0,20874.0,0
IoT,1724940154.8356016,47343.469,103333.0,20813.0,0
IoT,1724940154.8835645,47406.475,105468.0,20446.0,0
IoT,1724940154.9316137,39497.359,85937.0,18066.0,0
IoT,1724940154.9716845,47350.403,107056.0,20996.0,0
IoT,1724940155.019673,47303.339,105652.0,20508.0,0
IoT,1724940155.0675745,47553.558,103271.0,21545.0,0
IoT,1724940155.1156967,40537.44,88805.0,18494.0,0
IoT,1724940155.1567154,46641.679,113587.0,22644.0,0
IoT,1724940155.203981,39248.406,92285.0,18555.0,0
IoT,1724940155.2438424,47254.415,109252.0,20691.0,0
IoT,1724940155.2916749,47292.81,104797.0,20386.0,0
IoT,1724940155.3395455,45415.726,97167.0,19836.0,0
IoT,1724940155.385505,41756.044,98205.0,19226.0,0
IoT,1724940155.4278321,47224.624,104126.0,21484.0,0
IoT,1724940155.475624,39360.245,91308.0,17639.0,0
IoT,1724940155.5155802,47549.491,108642.0,21485.0,0
IoT,1724940155.5637019,39529.344,95764.0,18127.0,0
IoT,1724940155.603693,48021.299,106689.0,21240.0,0
IoT,1724940155.652412,71056.422,140380.0,29296.0,0
IoT,1724940155.7240176,2593736.819,4356129.0,781920.0,0
IoT,1724940158.3185925,40132.227,95459.0,17395.0,0
IoT,1724940158.359421,42372.535,101928.0,19653.0,0
IoT,1724940158.4024246,35758.184,85449.0,15930.0,0
IoT,1724940158.4388466,39118.353,92590.0,17334.0,0
IoT,1724940158.4791927,46141.122,109314.0,21301.0,0
IoT,1724940158.5260112,47195.815,102661.0,20752.0,0
IoT,1724940158.573938,47256.603,101257.0,21484.0,0
IoT,1724940158.6218264,39858.708,87646.0,18188.0,0
IoT,1724940158.662374,38887.356,90637.0,18738.0,0
IoT,1724940158.7019682,31258.639,75927.0,15076.0,0
IoT,1724940158.7338665,31403.777,76416.0,15869.0,0
IoT,1724940158.7659423,31274.53,76050.0,15930.0,0
IoT,1724940158.797932,31441.127,75378.0,15991.0,0
IoT,1724940158.8301678,39768.118,97290.0,19287.0,0
IoT,1724940158.870514,46955.622,103577.0,20630.0,0
IoT,1724940158.9181266,31201.026,77514.0,15564.0,0
IoT,1724940158.9498582,31639.318,77454.0,15686.0,0
IoT,1724940158.9821768,47232.289,113159.0,22338.0,0
IoT,1724940159.0300322,31367.022,71960.0,14954.0,0
IoT,1724940159.062029,39492.811,97290.0,19226.0,0
IoT,1724940159.1021173,39380.722,92468.0,18005.0,0
IoT,1724940159.1422746,39461.034,94970.0,18921.0,0
IoT,1724940159.1824229,47350.172,109924.0,20202.0,0
IoT,1724940159.2302554,39437.279,96069.0,17517.0,0
IoT,1724940159.2703624,47292.137,107056.0,20630.0,0
IoT,1724940159.318308,39307.83,93566.0,17578.0,0
IoT,1724940159.3583102,47416.98,109558.0,20813.0,0
IoT,1724940159.4064026,94150.809,171203.0,35217.0,0
IoT,1724940159.5011773,2746.105,9094.0,2442.0,0
IoT,1724940159.504724,2764.891,9277.0,1709.0,0
IoT,1724940159.5081878,2956.261,13672.0,2319.0,0
IoT,1724940159.511918,2657.636,8850.0,1587.0,0
IoT,1724940159.5150602,2650.093,8972.0,1770.0,0
IoT,1724940159.518274,2709.369,10071.0,1892.0,0
IoT,1724940159.5215628,2922.834,9521.0,1770.0,0
IoT,1724940159.5248516,2662.752,9583.0,1953.0,0
IoT,1724940159.528087,2839.758,8911.0,1954.0,0
IoT,1724940159.5314739,2828.585,9948.0,1831.0,0
IoT,1724940159.5349538,2743.391,9339.0,1709.0,0
IoT,1724940159.5382962,2621.653,6226.0,1892.0,0
IoT,1724940159.5415654,2175.301,7019.0,1648.0,0
IoT,1724940159.5440373,1782.464,10498.0,2015.0,0
IoT,1724940159.5460966,1568.296,10070.0,1953.0,0
IoT,1724940159.5479243,1994.298,12696.0,2319.0,0
IoT,1724940159.550238,1231.539,6287.0,1037.0,0
IoT,1724940159.5517526,1103.668,6469.0,1160.0,0
IoT,1724940159.553122,1021.99,16724.0,2319.0,0
IoT,1724940159.5543392,934.595,8728.0,1221.0,0
IoT,1724940159.5554636,1016.444,8484.0,1221.0,0
IoT,1724940159.556699,997.074,8789.0,1220.0,0
IoT,1724940159.5578535,800.705,11230.0,1221.0,0
IoT,1724940159.5588217,831.403,11353.0,1160.0,0
IoT,1724940159.5598176,1692.048,20691.0,2136.0,0
IoT,1724940159.5616643,845.452,9277.0,1221.0,0
IoT,1724940159.5626466,19100.188,80139.0,10681.0,0
IoT,1724940159.5825977,40008.764,96252.0,18188.0,0
IoT,1724940159.6233706,46461.337,103637.0,20263.0,0
IoT,1724940159.6707492,47095.016,104614.0,20447.0,0
IoT,1724940159.718667,47176.406,105957.0,21362.0,0
IoT,1724940159.7667408,44006.387,96802.0,19654.0,0
IoT,1724940159.8117402,36561.129,88256.0,17273.0,0
IoT,1724940159.8488371,37165.034,87463.0,17822.0,0
IoT,1724940159.8865721,31387.598,75256.0,14771.0,0
IoT,1724940159.9186563,31266.913,81543.0,15686.0,0
IoT,1724940159.9504917,31356.069,74951.0,15869.0,0
IoT,1724940159.9824367,90840.083,169555.0,34729.0,0
IoT,1724940160.0739908,3051.372,11353.0,2197.0,0
IoT,1724940160.0777187,3124.944,8056.0,2197.0,0
IoT,1724940160.081551,2909.571,9704.0,1709.0,0
IoT,1724940160.085172,3187.85,11719.0,1709.0,0
IoT,1724940160.0891392,2785.645,5859.0,1892.0,0
IoT,1724940160.092566,2822.006,9460.0,1770.0,0
IoT,1724940160.0959795,2761.699,9644.0,2380.0,0
IoT,1724940160.0996678,2768.539,8972.0,1831.0,0
IoT,1724940160.1032808,2821.608,11535.0,1709.0,0
IoT,1724940160.1065404,2853.111,10437.0,1892.0,0
IoT,1724940160.1098504,2532.416,9339.0,1831.0,0
IoT,1724940160.1126723,1792.899,8972.0,1587.0,0
IoT,1724940160.1148376,1783.361,9216.0,1892.0,0
IoT,1724940160.1170666,1487.339,10559.0,1221.0,0
IoT,1724940160.1189482,1365.959,14893.0,2808.0,0
IoT,1724940160.120589,1959.573,11841.0,2014.0,0
IoT,1724940160.1227438,1005.157,7202.0,1159.0,0
IoT,1724940160.123967,1003.157,18860.0,1282.0,0
IoT,1724940160.125169,1013.003,7873.0,1099.0,0
IoT,1724940160.1263726,947.519,8545.0,1220.0,0
IoT,1724940160.127511,864.602,10925.0,1282.0,0
IoT,1724940160.1285975,858.922,11536.0,1343.0,0
IoT,1724940160.129655,827.604,11535.0,1281.0,0
IoT,1724940160.1306772,910.587,10682.0,1282.0,0
IoT,1724940160.1317592,792.174,12023.0,1282.0,0
IoT,1724940160.1327322,1552.536,19959.0,2136.0,0
IoT,1724940160.1344893,851.922,11597.0,1282.0,0
IoT,1724940160.1355205,854.968,12573.0,1404.0,0
IoT,1724940160.1365576,841.059,12268.0,1281.0,0
IoT,1724940160.1375334,832.61,12268.0,1282.0,0
IoT,1724940160.1385057,752.919,12634.0,1282.0,0
IoT,1724940160.1394525,790.505,14160.0,1404.0,0
IoT,1724940160.1404126,812.543,12818.0,1342.0,0
IoT,1724940160.1413867,739.543,13183.0,1282.0,0
IoT,1724940160.1423085,871.867,13550.0,1404.0,0
IoT,1724940160.1433396,777.737,14160.0,1404.0,0
IoT,1724940160.144273,4967.498,28686.0,3418.0,0
IoT,1724940160.149427,772.015,11658.0,1343.0,0
IoT,1724940160.1503808,812.165,13123.0,1281.0,0
IoT,1724940160.1513467,798.715,13244.0,1343.0,0
IoT,1724940160.1522944,811.745,14160.0,1343.0,0
IoT,1724940160.15329,745.602,13062.0,1282.0,0
IoT,1724940160.154182,2942.34,21545.0,2319.0,0
IoT,1724940160.1572747,751.696,13611.0,1465.0,0
IoT,1724940160.1582162,822.355,15320.0,1709.0,0
IoT,1724940160.1592205,839.962,14526.0,1648.0,0
IoT,1724940160.160224,763.304,13733.0,1464.0,0
IoT,1724940160.1611354,864.045,15259.0,2015.0,0
IoT,1724940160.1621857,808.687,14831.0,1526.0,0
IoT,1724940160.1631675,786.059,12390.0,1281.0,0
IoT,1724940160.1641111,772.958,0.0,0.0,0
IoT,1724940160.165071,781.3,0.0,0.0,0
IoT,1724940160.1660316,814.803,0.0,0.0,0
IoT,1724940160.1670213,872.626,0.0,0.0,0
IoT,1724940160.1680202,1635.932,12085.0,1099.0,0
IoT,1724940160.1697884,811.983,9277.0,1099.0,0
IoT,1724940160.1707876,779.851,13184.0,1281.0,0
IoT,1724940160.1717167,724.355,12085.0,1099.0,0
IoT,1724940160.1725996,734.115,14221.0,1343.0,0
IoT,1724940160.173459,776.568,14160.0,1343.0,0
IoT,1724940160.1743813,806.755,14343.0,1403.0,0
IoT,1724940160.1753657,784.593,12879.0,1282.0,0
IoT,1724940160.176312,824.756,13366.0,1343.0,0
IoT,1724940160.1772966,779.388,13672.0,1343.0,0
IoT,1724940160.1782467,807.55,12695.0,1220.0,0
IoT,1724940160.1792524,854.452,13672.0,1343.0,0
IoT,1724940160.1802561,1583.862,11231.0,977.0,0
IoT,1724940160.1820226,784.834,0.0,0.0,0
IoT,1724940160.1829948,792.851,0.0,0.0,0
IoT,1724940160.1839592,793.816,0.0,0.0,0
IoT,1724940160.1849093,757.47,13733.0,1343.0,0
IoT,1724940160.1858158,767.804,14160.0,1403.0,0
IoT,1724940160.186751,794.937,13367.0,1282.0,0
IoT,1724940160.1876962,786.348,14099.0,1343.0,0
IoT,1724940160.1886675,790.584,13062.0,1282.0,0
IoT,1724940160.1896183,805.198,13183.0,1281.0,0
IoT,1724940160.190577,762.638,13794.0,1404.0,0
IoT,1724940160.1914978,1882.593,21362.0,2075.0,0
IoT,1724940160.193541,759.296,12329.0,1282.0,0
IoT,1724940160.1944575,851.995,13123.0,1343.0,0
IoT,1724940160.1955123,859.809,13733.0,1343.0,0
IoT,1724940160.1965032,829.816,13366.0,1281.0,0
IoT,1724940160.197464,717.342,14161.0,1343.0,0
IoT,1724940160.1983078,746.071,13732.0,1343.0,0
IoT,1724940160.1992009,787.068,15198.0,1526.0,0
IoT,1724940160.2001305,847.381,14038.0,1404.0,0
IoT,1724940160.2011125,830.239,14832.0,1770.0,0
IoT,1724940160.2021103,719.928,0.0,0.0,0
IoT,1724940160.2030022,813.515,0.0,0.0,0
IoT,1724940160.2040367,1490.404,9827.0,916.0,0
IoT,1724940160.20569,785.523,12390.0,1343.0,0
IoT,1724940160.206624,790.263,15686.0,1465.0,0
IoT,1724940160.2075646,820.9,14954.0,1342.0,0
IoT,1724940160.2085493,869.07,14831.0,1343.0,0
IoT,1724940160.2095716,780.316,12573.0,1282.0,0
IoT,1724940160.210517,826.349,13672.0,1282.0,0
IoT,1724940160.211507,771.184,13916.0,1342.0,0
IoT,1724940160.2124448,751.234,12634.0,1221.0,0
IoT,1724940160.2133496,736.386,14160.0,1343.0,0
IoT,1724940160.2142627,815.902,13245.0,1282.0,0
IoT,1724940160.2152302,1883.877,19592.0,1892.0,0
IoT,1724940160.2172995,783.671,13916.0,1403.0,0
IoT,1724940160.2182467,779.53,12451.0,1221.0,0
IoT,1724940160.2191908,737.619,14649.0,1343.0,0
IoT,1724940160.220093,764.744,0.0,1465.0,0
IoT,1724940160.2210698,763.541,0.0,0.0,0
IoT,1724940160.221993,770.491,0.0,0.0,0
IoT,1724940160.2229414,845.181,0.0,0.0,0
IoT,1724940160.2239895,772.797,0.0,0.0,0
IoT,1724940160.2249548,751.741,0.0,0.0,0
IoT,1724940160.225858,799.921,13244.0,1281.0,0
IoT,1724940160.2268164,762.151,14466.0,1465.0,0
IoT,1724940160.2277584,1483.815,20568.0,2014.0,0
IoT,1724940160.2293992,784.474,14344.0,1404.0,0
IoT,1724940160.2303798,819.215,13549.0,1404.0,0
IoT,1724940160.2313511,798.254,12940.0,1282.0,0
IoT,1724940160.2323089,744.784,14831.0,1403.0,0
IoT,1724940160.2332242,839.893,13489.0,1221.0,0
IoT,1724940160.2342508,843.869,12695.0,1221.0,0
IoT,1724940160.2352512,801.515,13489.0,1282.0,0
IoT,1724940160.236212,843.437,14343.0,1342.0,0
IoT,1724940160.2372162,801.091,12573.0,1221.0,0
IoT,1724940160.2381814,808.692,13733.0,1343.0,0
IoT,1724940160.2391508,1491.29,12879.0,1221.0,0
IoT,1724940160.240816,763.222,10315.0,1159.0,0
IoT,1724940160.2417507,816.175,13610.0,1465.0,0
IoT,1724940160.2427268,918.984,14649.0,1587.0,0
IoT,1724940160.2437983,812.321,15625.0,1831.0,0
IoT,1724940160.244798,875.676,14709.0,1892.0,0
IoT,1724940160.2458558,788.483,14221.0,1587.0,0
IoT,1724940160.2468247,766.24,12635.0,1221.0,0
IoT,1724940160.2477455,778.824,15014.0,1465.0,0
IoT,1724940160.2486765,777.197,14282.0,1281.0,0
IoT,1724940160.249612,789.639,14161.0,1404.0,0
IoT,1724940160.2505755,795.817,13244.0,1343.0,0
IoT,1724940160.2515528,2766.048,23438.0,2441.0,0
IoT,1724940160.2545028,813.421,12573.0,1282.0,0
IoT,1724940160.255456,866.548,12756.0,1282.0,0
IoT,1724940160.2564762,800.447,13611.0,1343.0,0
IoT,1724940160.2574205,782.534,14282.0,1281.0,0
IoT,1724940160.2583528,771.681,14404.0,1343.0,0
IoT,1724940160.259259,803.055,14649.0,1343.0,0
IoT,1724940160.2602482,706.447,13794.0,1343.0,0
IoT,1724940160.2611327,686.189,0.0,1281.0,0
IoT,1724940160.2620058,746.688,0.0,0.0,0
IoT,1724940160.262913,848.588,14038.0,0.0,0
IoT,1724940160.2639446,761.744,12817.0,0.0,0
IoT,1724940160.2649074,832.572,13245.0,1343.0,0
IoT,1724940160.2659323,764.779,13123.0,1220.0,0
IoT,1724940160.2668653,788.378,12146.0,1221.0,0
IoT,1724940160.2678015,759.716,13427.0,1343.0,0
IoT,1724940160.2687173,728.728,14099.0,1342.0,0
IoT,1724940160.269632,791.424,14710.0,1404.0,0
IoT,1724940160.27057,768.188,14892.0,1404.0,0
IoT,1724940160.2714753,787.081,13245.0,1221.0,0
IoT,1724940160.2724326,808.708,13916.0,1404.0,0
IoT,1724940160.2733884,786.106,13855.0,1342.0,0
IoT,1724940160.2743173,793.405,14282.0,1343.0,0
IoT,1724940160.2752774,767.731,14099.0,1343.0,0
IoT,1724940160.2762132,739.501,13733.0,1343.0,0
IoT,1724940160.2771192,688.139,0.0,0.0,0
IoT,1724940160.277993,788.366,0.0,0.0,0
IoT,1724940160.2789814,731.719,13733.0,0.0,0
IoT,1724940160.2798815,764.357,12634.0,1282.0,0
IoT,1724940160.2807982,818.134,14282.0,1465.0,0
IoT,1724940160.2818055,781.355,14954.0,1404.0,0
IoT,1724940160.2827425,807.136,14221.0,1342.0,0
IoT,1724940160.2837,798.022,13550.0,1282.0,0
IoT,1724940160.2846644,2527.756,33813.0,3479.0,0
IoT,1724940160.2873595,813.124,14282.0,1770.0,0
IoT,1724940160.288321,806.059,13001.0,1404.0,0
IoT,1724940160.289298,854.689,13794.0,1404.0,0
IoT,1724940160.2903194,762.869,15319.0,1465.0,0
IoT,1724940160.2912452,777.731,14161.0,1342.0,0
IoT,1724940160.2921782,796.564,13793.0,1343.0,0
IoT,1724940160.2931323,853.661,13977.0,1404.0,0
IoT,1724940160.2941384,766.559,14527.0,1343.0,0
IoT,1724940160.2950704,780.001,0.0,1404.0,0
IoT,1724940160.2960207,774.86,0.0,0.0,0
IoT,1724940160.296956,733.697,14160.0,0.0,0
IoT,1724940160.2978559,765.865,14526.0,1343.0,0
IoT,1724940160.2987936,796.276,14527.0,1404.0,0
IoT,1724940160.2997673,811.871,12451.0,1221.0,0
IoT,1724940160.3007312,823.73,13611.0,1342.0,0
IoT,1724940160.301702,774.49,13305.0,1221.0,0
IoT,1724940160.3026233,799.344,13550.0,1343.0,0
IoT,1724940160.303569,779.392,13672.0,1281.0,0
IoT,1724940160.304518,745.88,13733.0,1343.0,0
IoT,1724940160.305421,745.244,14038.0,1343.0,0
IoT,1724940160.3063247,846.982,13611.0,1221.0,0
IoT,1724940160.3073301,807.148,14038.0,1404.0,0
IoT,1724940160.3083246,820.415,13183.0,1159.0,0
IoT,1724940160.3092973,795.162,13977.0,1343.0,0
IoT,1724940160.3102446,1187.14,13428.0,1221.0,0
IoT,1724940160.3116143,835.507,12085.0,1220.0,0
IoT,1724940160.3126233,821.719,13550.0,1282.0,0
IoT,1724940160.3136203,796.265,13793.0,1343.0,0
IoT,1724940160.3145978,796.831,13367.0,1343.0,0
IoT,1724940160.3155618,768.845,13001.0,1220.0,0
IoT,1724940160.3165011,794.014,13671.0,1343.0,0
IoT,1724940160.3174624,836.475,13367.0,1282.0,0
IoT,1724940160.3184774,809.35,14587.0,1404.0,0
IoT,1724940160.319446,760.989,13123.0,1220.0,0
IoT,1724940160.3203592,744.865,14648.0,1343.0,0
IoT,1724940160.3212707,772.919,13611.0,1282.0,0
IoT,1724940160.3222027,1165.635,13672.0,1282.0,0
IoT,1724940160.3235204,823.572,12695.0,1342.0,0
IoT,1724940160.3244965,865.19,13855.0,1343.0,0
IoT,1724940160.3255222,848.648,13611.0,1465.0,0
IoT,1724940160.3265266,823.73,14282.0,1587.0,0
IoT,1724940160.3274963,746.662,14099.0,1587.0,0
IoT,1724940160.3283782,813.747,13611.0,1587.0,0
IoT,1724940160.3293781,851.757,13855.0,1587.0,0
IoT,1724940160.33039,776.689,14099.0,1403.0,0
IoT,1724940160.3313267,812.353,13672.0,1282.0,0
IoT,1724940160.332281,780.364,16235.0,1526.0,0
IoT,1724940160.3331861,794.379,14649.0,1343.0,0
IoT,1724940160.3341403,1078.08,12756.0,1159.0,0
IoT,1724940160.3353686,754.499,14404.0,1404.0,0
IoT,1724940160.336301,760.659,13428.0,1343.0,0
IoT,1724940160.337248,822.742,11963.0,1160.0,0
IoT,1724940160.3382542,784.031,13855.0,1342.0,0
IoT,1724940160.3391728,763.835,13916.0,1343.0,0
IoT,1724940160.3400807,766.422,13183.0,1343.0,0
IoT,1724940160.3409953,761.194,0.0,0.0,0
IoT,1724940160.3419292,793.827,0.0,0.0,0
IoT,1724940160.342853,739.877,13916.0,1343.0,0
IoT,1724940160.3437285,766.492,14892.0,1342.0,0
IoT,1724940160.3446307,766.094,13916.0,1343.0,0
IoT,1724940160.3455632,824.174,14527.0,1404.0,0
IoT,1724940160.3465364,820.102,13854.0,1343.0,0
IoT,1724940160.3475115,783.656,14405.0,1342.0,0
IoT,1724940160.3484688,797.776,13366.0,1221.0,0
IoT,1724940160.349422,785.522,13977.0,1404.0,0
IoT,1724940160.3503866,785.535,13733.0,1282.0,0
IoT,1724940160.351353,851.478,13367.0,1342.0,0
IoT,1724940160.352365,732.803,12817.0,1221.0,0
IoT,1724940160.3532403,756.597,14282.0,1404.0,0
IoT,1724940160.3541825,822.472,12818.0,1282.0,0
IoT,1724940160.3551748,777.585,13916.0,1281.0,0
IoT,1724940160.3561027,763.944,13000.0,1282.0,0
IoT,1724940160.3570166,727.906,0.0,0.0,0
IoT,1724940160.3579195,933.944,28382.0,1343.0,0
IoT,1724940160.3590474,744.184,0.0,0.0,0
IoT,1724940160.3599625,790.979,0.0,0.0,0
IoT,1724940160.3609154,815.487,14404.0,1342.0,0
IoT,1724940160.3618991,729.759,13245.0,0.0,0
IoT,1724940160.362782,824.703,14160.0,1404.0,0
IoT,1724940160.3637714,3463.399,32165.0,3357.0,0
IoT,1724940160.3675003,780.608,11658.0,1281.0,0
IoT,1724940160.3684626,761.824,15075.0,1404.0,0
IoT,1724940160.3693924,845.661,15259.0,1526.0,0
IoT,1724940160.3704255,902.888,15137.0,1709.0,0
IoT,1724940160.371462,889.282,13916.0,1648.0,0
IoT,1724940160.372533,838.468,15869.0,1709.0,0
IoT,1724940160.3735323,846.814,13245.0,1282.0,0
IoT,1724940160.3745294,831.082,13854.0,1343.0,0
IoT,1724940160.3755183,849.16,13733.0,1281.0,0
IoT,1724940160.37653,846.443,15259.0,1465.0,0
IoT,1724940160.3775308,772.93,14038.0,1343.0,0
IoT,1724940160.3784866,848.28,11780.0,1160.0,0
IoT,1724940160.3795092,805.702,13428.0,1281.0,0
IoT,1724940160.380481,763.735,13305.0,1343.0,0
IoT,1724940160.381404,797.751,14832.0,1343.0,0
IoT,1724940160.382404,707.187,14038.0,1343.0,0
IoT,1724940160.383313,804.59,13183.0,1220.0,0
IoT,1724940160.3842692,780.414,14099.0,1404.0,0
IoT,1724940160.3852499,715.551,13855.0,1282.0,0
IoT,1724940160.3861287,692.83,0.0,1282.0,0
IoT,1724940160.3870127,725.892,0.0,0.0,0
IoT,1724940160.3879426,793.695,0.0,0.0,0
IoT,1724940160.3889534,745.384,0.0,0.0,0
IoT,1724940160.3898544,800.969,14099.0,1404.0,0
IoT,1724940160.390789,735.898,13489.0,1282.0,0
IoT,1724940160.3916862,709.591,14160.0,1403.0,0
IoT,1724940160.3925698,823.219,12573.0,1160.0,0
IoT,1724940160.393541,757.119,14222.0,1282.0,0
IoT,1724940160.3944619,769.271,14099.0,1404.0,0
IoT,1724940160.395354,757.079,13366.0,1281.0,0
IoT,1724940160.3963137,796.673,13855.0,1343.0,0
IoT,1724940160.3972733,815.185,13916.0,1282.0,0
IoT,1724940160.3982384,818.605,13794.0,1343.0,0
IoT,1724940160.3992088,743.084,13916.0,1342.0,0
IoT,1724940160.400104,824.406,13550.0,1282.0,0
IoT,1724940160.401079,854.232,13489.0,1282.0,0
IoT,1724940160.402082,801.271,14099.0,1343.0,0
IoT,1724940160.4030528,774.184,0.0,1220.0,0
IoT,1724940160.4040308,817.671,13123.0,1282.0,0
IoT,1724940160.4050193,763.624,0.0,0.0,0
IoT,1724940160.4059725,841.227,0.0,0.0,0
IoT,1724940160.4070013,753.735,0.0,0.0,0
IoT,1724940160.4079235,748.843,0.0,0.0,0
IoT,1724940160.4088461,2059.069,36744.0,3723.0,0
IoT,1724940160.4110897,909.853,12207.0,1526.0,0
IoT,1724940160.4121757,934.834,15136.0,2014.0,0
IoT,1724940160.413282,769.08,12818.0,1404.0,0
IoT,1724940160.414205,722.33,13793.0,1282.0,0
IoT,1724940160.4150965,816.548,13611.0,1404.0,0
IoT,1724940160.4161055,753.313,0.0,1465.0,0
IoT,1724940160.4170425,812.793,13550.0,1159.0,0
IoT,1724940160.4180372,830.567,13611.0,1282.0,0
IoT,1724940160.4190328,737.823,0.0,0.0,0
IoT,1724940160.4199324,1298.761,27160.0,1343.0,0
IoT,1724940160.4213853,1570.967,19654.0,2014.0,0
IoT,1724940160.4231062,717.431,0.0,0.0,0
IoT,1724940160.4240046,763.635,0.0,0.0,0
IoT,1724940160.4249318,768.554,13794.0,0.0,0
IoT,1724940160.4258478,808.306,13184.0,1221.0,0
IoT,1724940160.4268124,786.744,13305.0,1282.0,0
IoT,1724940160.4277534,798.864,13794.0,1403.0,0
IoT,1724940160.4287074,822.662,13245.0,1343.0,0
IoT,1724940160.429724,826.022,13794.0,1221.0,0
IoT,1724940160.4307044,773.394,12756.0,1221.0,0
IoT,1724940160.4316366,774.494,14404.0,1342.0,0
IoT,1724940160.4325686,1929.126,23560.0,2076.0,0
IoT,1724940160.4346573,855.184,10132.0,1098.0,0
IoT,1724940160.4356716,827.174,13488.0,1282.0,0
IoT,1724940160.4366617,825.122,13550.0,1282.0,0
IoT,1724940160.4376385,767.998,13672.0,1342.0,0
IoT,1724940160.4385355,786.389,13306.0,1343.0,0
IoT,1724940160.4394753,832.612,13183.0,1282.0,0
IoT,1724940160.440462,754.918,13306.0,1343.0,0
IoT,1724940160.4413686,799.342,13672.0,1465.0,0
IoT,1724940160.4423232,792.742,13855.0,1342.0,0
IoT,1724940160.443277,775.004,13427.0,1282.0,0
IoT,1724940160.444213,2087.233,21179.0,1892.0,0
IoT,1724940160.4464524,816.379,11719.0,1221.0,0
IoT,1724940160.4474368,845.687,13672.0,1343.0,0
IoT,1724940160.448445,747.405,13855.0,1342.0,0
IoT,1724940160.4493744,746.653,14038.0,1404.0,0
IoT,1724940160.4503033,738.219,13184.0,1343.0,0
IoT,1724940160.45122,765.672,14709.0,1587.0,0
IoT,1724940160.452164,856.353,14099.0,1465.0,0
IoT,1724940160.4532013,937.491,14343.0,1648.0,0
IoT,1724940160.4542916,795.828,14588.0,1709.0,0
IoT,1724940160.4552608,815.62,13855.0,1770.0,0
IoT,1724940160.4562418,2057.382,21850.0,1953.0,0
IoT,1724940160.4585238,847.318,12329.0,1281.0,0
IoT,1724940160.4594994,807.511,14771.0,1343.0,0
IoT,1724940160.460463,755.913,13549.0,1221.0,0
IoT,1724940160.4613488,791.54,13672.0,1343.0,0
IoT,1724940160.4622748,798.788,14283.0,1404.0,0
IoT,1724940160.463272,857.132,14038.0,1342.0,0
IoT,1724940160.4642675,767.126,13000.0,1282.0,0
IoT,1724940160.4651954,752.611,14832.0,1465.0,0
IoT,1724940160.46611,800.012,12390.0,1160.0,0
IoT,1724940160.4670742,808.445,13794.0,1403.0,0
IoT,1724940160.4680524,2127.089,19287.0,1709.0,0
IoT,1724940160.470344,786.905,12634.0,1282.0,0
IoT,1724940160.471321,725.573,12756.0,1221.0,0
IoT,1724940160.4721744,838.121,14099.0,1404.0,0
IoT,1724940160.4731832,841.853,14099.0,1281.0,0
IoT,1724940160.4741569,809.949,13794.0,1343.0,0
IoT,1724940160.4750905,776.449,14527.0,1282.0,0
IoT,1724940160.476019,769.399,0.0,0.0,0
IoT,1724940160.476951,790.669,0.0,0.0,0
IoT,1724940160.4779394,763.37,0.0,0.0,0
IoT,1724940160.4788685,821.628,14100.0,1404.0,0
IoT,1724940160.4798357,2146.418,30639.0,3052.0,0
IoT,1724940160.48215,849.425,13428.0,1282.0,0
IoT,1724940160.4831498,787.142,14404.0,1342.0,0
IoT,1724940160.4841027,792.922,13977.0,1282.0,0
IoT,1724940160.4850767,826.554,12756.0,1282.0,0
IoT,1724940160.486055,762.354,14222.0,1343.0,0
IoT,1724940160.4869754,821.295,0.0,1281.0,0
IoT,1724940160.4879947,750.062,0.0,0.0,0
IoT,1724940160.4889188,799.539,0.0,0.0,0
IoT,1724940160.4898863,723.25,14099.0,1282.0,0
IoT,1724940160.4907916,765.423,13489.0,1343.0,0
IoT,1724940160.491709,1954.239,23865.0,2197.0,0
IoT,1724940160.4938545,872.485,8789.0,1037.0,0
IoT,1724940160.4948995,822.517,14953.0,0.0,0
IoT,1724940160.4959407,765.242,15991.0,0.0,0
IoT,1724940160.4968674,863.87,12574.0,1465.0,0
IoT,1724940160.4979296,785.998,0.0,0.0,0
IoT,1724940160.498893,775.726,0.0,0.0,0
IoT,1724940160.4998152,794.949,14465.0,1343.0,0
IoT,1724940160.5007536,796.961,13245.0,1282.0,0
IoT,1724940160.5017018,819.565,15015.0,1403.0,0
IoT,1724940160.5026782,794.416,14221.0,1282.0,0
IoT,1724940160.503642,1761.654,22827.0,2197.0,0
IoT,1724940160.5055792,896.632,9888.0,1221.0,0
IoT,1724940160.5066247,1056.132,13488.0,1221.0,0
IoT,1724940160.5078347,808.226,13184.0,1220.0,0
IoT,1724940160.508826,821.4,12390.0,1221.0,0
IoT,1724940160.5098267,733.484,13183.0,1282.0,0
IoT,1724940160.5107322,695.694,13794.0,1282.0,0
IoT,1724940160.5116048,747.664,13794.0,1342.0,0
IoT,1724940160.5124974,795.187,13489.0,1282.0,0
IoT,1724940160.5134842,756.669,13184.0,1221.0,0
IoT,1724940160.5144198,806.459,13366.0,1343.0,0
IoT,1724940160.5154033,832.259,12940.0,1281.0,0
IoT,1724940160.5164218,818.494,12512.0,1221.0,0
IoT,1724940160.5174108,754.289,13244.0,1160.0,0
IoT,1724940160.518345,885.561,14283.0,1342.0,0
IoT,1724940160.5194197,814.573,13977.0,1282.0,0
IoT,1724940160.5203915,810.565,13244.0,1282.0,0
IoT,1724940160.5213566,767.03,13367.0,1221.0,0
IoT,1724940160.5222793,818.557,13428.0,1342.0,0
IoT,1724940160.5232496,783.785,13855.0,1282.0,0
IoT,1724940160.524183,788.139,13000.0,1282.0,0
IoT,1724940160.5251222,811.049,13916.0,1343.0,0
IoT,1724940160.526084,795.989,13550.0,1281.0,0
IoT,1724940160.5270605,753.339,0.0,1282.0,0
IoT,1724940160.528002,738.507,0.0,0.0,0
IoT,1724940160.528924,788.172,0.0,0.0,0
IoT,1724940160.5298626,775.062,12512.0,0.0,0
IoT,1724940160.530795,785.412,13611.0,1342.0,0
IoT,1724940160.5317473,818.285,14771.0,1343.0,0
IoT,1724940160.5327513,806.872,14099.0,1343.0,0
IoT,1724940160.5337105,791.223,13244.0,1160.0,0
IoT,1724940160.5346503,784.094,13428.0,1281.0,0
IoT,1724940160.5355902,801.821,14160.0,1526.0,0
IoT,1724940160.5365453,830.97,14588.0,1526.0,0
IoT,1724940160.5379114,831.147,14160.0,0.0,0
IoT,1724940160.5389297,826.957,0.0,0.0,0
IoT,1724940160.5399494,742.26,0.0,0.0,0
IoT,1724940160.540858,811.514,14344.0,0.0,0
IoT,1724940160.541835,817.427,14465.0,1342.0,0
IoT,1724940160.5428042,817.36,13611.0,1343.0,0
IoT,1724940160.5437708,781.941,14953.0,1404.0,0
IoT,1724940160.5446916,778.996,14527.0,1404.0,0
IoT,1724940160.5456336,810.305,13122.0,1221.0,0
IoT,1724940160.5466368,777.998,13794.0,1342.0,0
IoT,1724940160.5475435,773.039,13733.0,1343.0,0
IoT,1724940160.5484645,778.116,14160.0,1343.0,0
IoT,1724940160.5494173,724.982,12878.0,1282.0,0
IoT,1724940160.5502894,721.205,14160.0,1342.0,0
IoT,1724940160.5511866,800.368,13733.0,1343.0,0
IoT,1724940160.5521502,766.153,13489.0,1282.0,0
IoT,1724940160.553041,736.685,0.0,1404.0,0
IoT,1724940160.5539622,720.179,0.0,0.0,0
IoT,1724940160.554843,795.581,14465.0,1342.0,0
IoT,1724940160.555794,804.514,13916.0,1343.0,0
IoT,1724940160.55675,831.275,14649.0,1343.0,0
IoT,1724940160.5577164,774.493,13855.0,1343.0,0
IoT,1724940160.5586703,842.268,13244.0,1220.0,0
IoT,1724940160.5596497,769.579,13367.0,1343.0,0
IoT,1724940160.560555,822.28,14465.0,1343.0,0
IoT,1724940160.5615077,748.376,13428.0,1343.0,0
IoT,1724940160.5624492,797.369,13672.0,1281.0,0
IoT,1724940160.5633948,810.127,13733.0,1282.0,0
IoT,1724940160.5643573,806.448,13183.0,1282.0,0
IoT,1724940160.5653403,777.814,13794.0,1282.0,0
IoT,1724940160.5662982,770.028,12451.0,1220.0,0
IoT,1724940160.567219,728.984,13855.0,1221.0,0
IoT,1724940160.5681617,812.334,12390.0,1343.0,0
IoT,1724940160.5690866,828.062,14954.0,1343.0,0
IoT,1724940160.5700634,761.731,13977.0,1403.0,0
IoT,1724940160.570993,753.668,0.0,0.0,0
IoT,1724940160.57195,711.158,0.0,0.0,0
IoT,1724940160.5728395,750.406,14404.0,1343.0,0
IoT,1724940160.5737405,755.984,13733.0,1343.0,0
IoT,1724940160.574684,749.644,13611.0,1281.0,0
IoT,1724940160.575582,729.837,13671.0,1343.0,0
IoT,1724940160.5764585,747.37,14283.0,1343.0,0
IoT,1724940160.5773795,845.959,13977.0,1343.0,0
IoT,1724940160.5783832,868.155,14343.0,1648.0,0
IoT,1724940160.5793803,818.163,14404.0,1587.0,0
IoT,1724940160.5807827,979.536,12024.0,1403.0,0
IoT,1724940160.5819438,796.124,0.0,0.0,0
IoT,1724940160.5829191,750.222,0.0,0.0,0
IoT,1724940160.5838223,733.832,13367.0,1282.0,0
IoT,1724940160.584726,774.28,14709.0,1404.0,0
IoT,1724940160.5856667,737.193,14527.0,1343.0,0
IoT,1724940160.5865676,824.18,13366.0,1281.0,0
IoT,1724940160.587569,782.217,14099.0,1282.0,0
IoT,1724940160.5885174,814.478,14222.0,1404.0,0
IoT,1724940160.5895185,796.798,13427.0,1282.0,0
IoT,1724940160.590498,802.928,13916.0,1342.0,0
IoT,1724940160.5914812,814.034,13367.0,1221.0,0
IoT,1724940160.592448,755.155,13245.0,1282.0,0
IoT,1724940160.5933492,780.54,14160.0,1343.0,0
IoT,1724940160.5943139,805.43,13671.0,1281.0,0
IoT,1724940160.5952814,721.858,13672.0,1282.0,0
IoT,1724940160.5961907,767.827,13916.0,1343.0,0
IoT,1724940160.5971394,803.926,14771.0,1343.0,0
IoT,1724940160.598104,813.739,13733.0,1281.0,0
IoT,1724940160.5991108,822.741,12939.0,1221.0,0
IoT,1724940160.6000922,747.163,13733.0,1343.0,0
IoT,1724940160.601031,786.154,0.0,1343.0,0
IoT,1724940160.6020029,716.327,0.0,0.0,0
IoT,1724940160.6028848,746.599,0.0,0.0,0
IoT,1724940160.6037736,851.63,14343.0,1343.0,0
IoT,1724940160.6047776,784.973,13367.0,1282.0,0
IoT,1724940160.605725,848.639,13672.0,1282.0,0
IoT,1724940160.6067274,817.706,13733.0,1342.0,0
IoT,1724940160.6076975,834.829,14099.0,1343.0,0
IoT,1724940160.6087024,796.563,15075.0,1343.0,0
IoT,1724940160.6096728,780.846,13367.0,1343.0,0
IoT,1724940160.610608,772.133,13306.0,1281.0,0
IoT,1724940160.6115313,786.585,14038.0,1343.0,0
IoT,1724940160.612471,778.569,14099.0,1343.0,0
IoT,1724940160.613413,759.815,13550.0,1343.0,0
IoT,1724940160.6143343,766.577,13183.0,1159.0,0
IoT,1724940160.6152542,791.741,13611.0,1343.0,0
IoT,1724940160.6162424,792.522,14526.0,1404.0,0
IoT,1724940160.6171865,793.087,13184.0,1221.0,0
IoT,1724940160.6181438,783.25,14343.0,1403.0,0
IoT,1724940160.619087,770.796,13977.0,1282.0,0
IoT,1724940160.620027,792.363,14282.0,1404.0,0
IoT,1724940160.6210399,817.012,15259.0,1648.0,0
IoT,1724940160.622049,795.584,13977.0,1465.0,0
IoT,1724940160.6230402,842.164,14893.0,1770.0,0
IoT,1724940160.6240706,792.328,13732.0,1709.0,0
IoT,1724940160.6250472,845.57,13367.0,1465.0,0
IoT,1724940160.6260786,766.22,13794.0,1342.0,0
IoT,1724940160.6270382,800.643,14832.0,1465.0,0
IoT,1724940160.62803,752.678,0.0,1282.0,0
IoT,1724940160.6289582,751.917,0.0,0.0,0
IoT,1724940160.6298637,775.415,0.0,0.0,0
IoT,1724940160.63082,826.179,13977.0,1404.0,0
IoT,1724940160.6318004,803.199,13794.0,1281.0,0
IoT,1724940160.6327548,785.961,14771.0,1404.0,0
IoT,1724940160.633692,765.879,13733.0,1282.0,0
IoT,1724940160.6346047,781.475,14343.0,1343.0,0
IoT,1724940160.6355617,784.827,13977.0,1342.0,0
IoT,1724940160.636497,802.702,13305.0,1282.0,0
IoT,1724940160.637453,803.101,13855.0,1404.0,0
IoT,1724940160.6384373,777.435,12268.0,1221.0,0
IoT,1724940160.6393785,724.942,13306.0,1342.0,0
IoT,1724940160.6402667,688.601,14160.0,1282.0,0
IoT,1724940160.6411185,748.52,13062.0,1282.0,0
IoT,1724940160.6420507,769.844,13549.0,1404.0,0
IoT,1724940160.6430092,788.803,14710.0,1342.0,0
IoT,1724940160.6440132,741.677,0.0,0.0,0
IoT,1724940160.6449354,749.031,0.0,0.0,0
IoT,1724940160.6458373,743.208,14893.0,1404.0,0
IoT,1724940160.6467407,838.759,14038.0,1282.0,0
IoT,1724940160.6477294,762.549,14587.0,1342.0,0
IoT,1724940160.6486583,711.212,12634.0,1221.0,0
IoT,1724940160.6495335,791.819,14222.0,1404.0,0
IoT,1724940160.650486,778.071,13916.0,1343.0,0
IoT,1724940160.6514113,777.072,13549.0,1343.0,0
IoT,1724940160.6523468,732.279,12818.0,1159.0,0
IoT,1724940160.653272,780.797,13550.0,1221.0,0
IoT,1724940160.6542017,754.935,14099.0,1404.0,0
IoT,1724940160.6551318,777.493,13549.0,1281.0,0
IoT,1724940160.6560745,806.638,14099.0,1282.0,0
IoT,1724940160.6570382,792.217,12879.0,1282.0,0
IoT,1724940160.6579955,742.533,0.0,0.0,0
IoT,1724940160.658903,785.037,0.0,0.0,0
IoT,1724940160.659838,753.807,14282.0,0.0,0
IoT,1724940160.6607466,842.47,15137.0,1404.0,0
IoT,1724940160.6617787,806.144,12146.0,1160.0,0
IoT,1724940160.6627517,798.225,13916.0,1343.0,0
IoT,1724940160.6637216,736.56,13672.0,1281.0,0
IoT,1724940160.6646059,742.662,13733.0,1343.0,0
IoT,1724940160.665527,846.178,13671.0,1587.0,0
IoT,1724940160.6665437,887.324,15198.0,1587.0,0
IoT,1724940160.6676025,752.845,14893.0,1709.0,0
IoT,1724940160.6686237,902.758,14648.0,1770.0,0
IoT,1724940160.6696792,771.58,14038.0,1526.0,0
IoT,1724940160.670598,842.308,14221.0,1343.0,0
IoT,1724940160.6715748,760.767,13916.0,1342.0,0
IoT,1724940160.6724918,767.601,15259.0,1404.0,0
IoT,1724940160.6733859,799.426,14282.0,1404.0,0
IoT,1724940160.6743197,789.272,13306.0,1343.0,0
IoT,1724940160.6752622,813.379,14892.0,1343.0,0
IoT,1724940160.676239,788.899,14893.0,1403.0,0
IoT,1724940160.677219,823.913,12695.0,1221.0,0
IoT,1724940160.678176,811.621,13123.0,1221.0,0
IoT,1724940160.6791146,816.112,14221.0,1404.0,0
IoT,1724940160.6801128,800.102,13611.0,1342.0,0
IoT,1724940160.6810794,762.935,14282.0,1343.0,0
IoT,1724940160.6820323,801.808,12878.0,1160.0,0
IoT,1724940160.683025,785.316,13855.0,1281.0,0
IoT,1724940160.6839836,753.756,0.0,0.0,0
IoT,1724940160.6849215,810.558,0.0,0.0,0
IoT,1724940160.6859102,783.277,0.0,0.0,0
IoT,1724940160.686867,755.11,0.0,0.0,0
IoT,1724940160.6877859,794.211,14527.0,1342.0,0
IoT,1724940160.688762,809.399,13611.0,1404.0,0
IoT,1724940160.6897538,877.582,14282.0,1282.0,0
IoT,1724940160.690817,782.253,12268.0,1160.0,0
IoT,1724940160.6917727,703.459,12878.0,1281.0,0
IoT,1724940160.6926477,707.882,12940.0,1282.0,0
IoT,1724940160.693532,749.672,14282.0,1343.0,0
IoT,1724940160.694466,760.287,13183.0,1221.0,0
IoT,1724940160.6953816,772.3,14283.0,1342.0,0
IoT,1724940160.6963017,763.282,13916.0,1343.0,0
IoT,1724940160.697216,783.558,14526.0,1343.0,0
IoT,1724940160.6981642,83671.375,174926.0,31799.0,0
IoT,1724940160.7825441,17497.74,45410.0,8667.0,0
IoT,1724940160.8005946,2697.008,9827.0,1953.0,0
IoT,1724940160.8039362,2919.822,11963.0,1892.0,0
IoT,1724940160.8075328,2810.533,10071.0,1831.0,0
IoT,1724940160.8109658,2717.908,9643.0,1282.0,0
IoT,1724940160.8141859,2894.923,9033.0,1892.0,0
IoT,1724940160.8175344,2853.158,9705.0,1770.0,0
IoT,1724940160.820923,2658.451,9948.0,1831.0,0
IoT,1724940160.824177,2754.071,8789.0,1831.0,0
IoT,1724940160.8275561,2560.127,9278.0,1953.0,0
IoT,1724940160.830719,2569.939,9582.0,1770.0,0
IoT,1724940160.8338287,2755.464,10071.0,1343.0,0
IoT,1724940160.8371599,2934.019,9582.0,1953.0,0
IoT,1724940160.8407025,2853.338,9766.0,2137.0,0
IoT,1724940160.8441575,2759.32,10742.0,1770.0,0
IoT,1724940160.8476655,2682.272,9399.0,1892.0,0
IoT,1724940160.8508446,2833.385,8789.0,2319.0,0
IoT,1724940160.854085,2634.702,6043.0,2015.0,0
IoT,1724940160.857238,2802.16,9887.0,1831.0,0
IoT,1724940160.8605652,2656.88,9461.0,1831.0,0
IoT,1724940160.8636904,2781.54,8972.0,1892.0,0
IoT,1724940160.8673165,2368.95,6286.0,1831.0,0
IoT,1724940160.870306,2433.259,6530.0,1892.0,0
IoT,1724940160.8733714,2782.493,8850.0,1770.0,0
IoT,1724940160.8767066,2518.342,9033.0,1770.0,0
IoT,1724940160.8797657,2537.173,9644.0,2014.0,0
IoT,1724940160.882941,2924.999,13550.0,2747.0,0
IoT,1724940160.8866336,2845.608,10132.0,2258.0,0
IoT,1724940160.8902316,2912.145,10620.0,2441.0,0
IoT,1724940160.89377,2697.402,11657.0,2137.0,0
IoT,1724940160.897001,2671.729,6592.0,1282.0,0
IoT,1724940160.9002557,2677.179,8728.0,1709.0,0
IoT,1724940160.903441,2679.937,8911.0,1892.0,0
IoT,1724940160.9066772,2705.956,10315.0,1892.0,0
IoT,1724940160.909997,2651.204,6409.0,1953.0,0
IoT,1724940160.9131699,2629.142,9095.0,1831.0,0
IoT,1724940160.9162636,2571.59,9643.0,1953.0,0
IoT,1724940160.9194024,2674.89,10193.0,1892.0,0
IoT,1724940160.9227555,2627.665,9460.0,1831.0,0
IoT,1724940160.9259572,2602.795,8973.0,1770.0,0
IoT,1724940160.9292426,2728.03,9400.0,1831.0,0
IoT,1724940160.9326248,2885.249,10498.0,2320.0,0
IoT,1724940160.9363182,3151.821,9826.0,2258.0,0
IoT,1724940160.9399953,2852.93,9216.0,2197.0,0
IoT,1724940160.943316,2684.289,11841.0,1953.0,0
IoT,1724940160.9465582,2587.467,9521.0,1892.0,0
IoT,1724940160.9497025,2612.093,8972.0,1770.0,0
IoT,1724940160.952906,2607.681,9217.0,1343.0,0
IoT,1724940160.9561236,2825.365,10315.0,1831.0,0
IoT,1724940160.9594495,2617.473,9705.0,1892.0,0
IoT,1724940160.9625216,2738.053,8972.0,1770.0,0
IoT,1724940160.9657645,2652.471,9094.0,1892.0,0
IoT,1724940160.969114,2633.033,9949.0,1770.0,0
IoT,1724940160.9722393,2618.681,9583.0,1831.0,0
IoT,1724940160.975436,2777.477,9521.0,1892.0,0
IoT,1724940160.9787571,2965.457,9094.0,2990.0,0
IoT,1724940160.9824238,2713.947,10436.0,2259.0,0
IoT,1724940160.9857922,2657.485,10743.0,2563.0,0
IoT,1724940160.9888978,2663.414,10070.0,2136.0,0
IoT,1724940160.9921298,2704.422,9704.0,1892.0,0
IoT,1724940160.995435,2803.696,9705.0,1770.0,0
IoT,1724940160.998712,2930.985,9277.0,2502.0,0
IoT,1724940161.0022871,1993.773,7385.0,1343.0,0
IoT,1724940161.0045683,1646.175,8606.0,1526.0,0
IoT,1724940161.006497,1657.285,9766.0,1526.0,0
IoT,1724940161.008514,1591.997,8606.0,1404.0,0
IoT,1724940161.0104547,1372.072,10132.0,1526.0,0
IoT,1724940161.0121171,1238.401,6347.0,915.0,0
IoT,1724940161.0136666,1299.689,11780.0,1587.0,0
IoT,1724940161.0152576,1270.841,5615.0,916.0,0
IoT,1724940161.0169103,1338.479,5554.0,793.0,0
IoT,1724940161.018556,1382.328,13123.0,1770.0,0
IoT,1724940161.0201821,1293.038,6469.0,855.0,0
IoT,1724940161.0217383,1230.886,12451.0,1587.0,0
IoT,1724940161.0232363,1315.253,6470.0,915.0,0
IoT,1724940161.0248194,1241.639,12268.0,1709.0,0
IoT,1724940161.0263875,1331.066,6653.0,1221.0,0
IoT,1724940161.0279677,1340.358,6469.0,1037.0,0
IoT,1724940161.02956,1447.749,12940.0,2869.0,0
IoT,1724940161.0312216,1234.839,7080.0,1282.0,0
IoT,1724940161.032713,1336.827,14038.0,2197.0,0
IoT,1724940161.0342898,1196.731,7080.0,1098.0,0
IoT,1724940161.0357208,1313.203,13062.0,2076.0,0
IoT,1724940161.037327,1265.799,6225.0,1098.0,0
IoT,1724940161.0388658,1184.983,6470.0,1099.0,0
IoT,1724940161.0403047,1229.68,5981.0,1037.0,0
IoT,1724940161.041795,1276.265,6958.0,976.0,0
IoT,1724940161.0433707,1360.608,5921.0,733.0,0
IoT,1724940161.0450687,1314.394,5127.0,733.0,0
IoT,1724940161.0466774,1360.024,12695.0,1648.0,0
IoT,1724940161.048295,1335.338,6653.0,976.0,0
IoT,1724940161.0499136,1305.197,6347.0,915.0,0
IoT,1724940161.0514958,1335.761,11841.0,1648.0,0
IoT,1724940161.0530915,1263.222,5371.0,793.0,0
IoT,1724940161.0546587,1334.732,11841.0,1709.0,0
IoT,1724940161.0563273,1319.448,5921.0,794.0,0
IoT,1724940161.0579371,1241.965,6775.0,916.0,0
IoT,1724940161.059437,1244.572,6531.0,1648.0,0
IoT,1724940161.0609531,1290.426,6348.0,915.0,0
IoT,1724940161.0625093,1391.585,12573.0,1709.0,0
IoT,1724940161.0642004,1277.537,5005.0,733.0,0
IoT,1724940161.065716,1281.601,12451.0,1770.0,0
IoT,1724940161.0672448,1279.798,6164.0,854.0,0
IoT,1724940161.0687885,1262.268,12818.0,1648.0,0
IoT,1724940161.070327,1373.34,7141.0,1099.0,0
IoT,1724940161.0720255,1355.193,6165.0,916.0,0
IoT,1724940161.0736349,1273.449,12390.0,1648.0,0
IoT,1724940161.0751934,1291.167,6775.0,915.0,0
IoT,1724940161.0767324,1340.177,11840.0,1648.0,0
IoT,1724940161.0783348,1247.839,6104.0,916.0,0
IoT,1724940161.079825,1238.091,11413.0,1648.0,0
IoT,1724940161.0813298,1219.326,6287.0,854.0,0
IoT,1724940161.0827804,1274.977,13245.0,1709.0,0
IoT,1724940161.084289,1260.109,6225.0,855.0,0
IoT,1724940161.085849,1255.732,6287.0,916.0,0
IoT,1724940161.0873523,1235.1,6470.0,915.0,0
IoT,1724940161.0888257,1214.947,12085.0,854.0,0
IoT,1724940161.0903049,1294.429,6042.0,916.0,0
IoT,1724940161.0918396,1330.321,11719.0,1709.0,0
IoT,1724940161.0934436,1323.659,12634.0,1648.0,0
IoT,1724940161.0950198,1307.681,6531.0,915.0,0
IoT,1724940161.0966437,1305.662,12573.0,1770.0,0
IoT,1724940161.0981932,1230.425,5432.0,794.0,0
IoT,1724940161.099671,1242.521,12818.0,1770.0,0
IoT,1724940161.1011798,1270.509,6225.0,854.0,0
IoT,1724940161.1026897,1328.272,11780.0,1648.0,0
IoT,1724940161.1042845,1315.502,5981.0,855.0,0
IoT,1724940161.105856,1299.512,6530.0,855.0,0
IoT,1724940161.1074197,1201.49,6592.0,915.0,0
IoT,1724940161.1088672,1291.282,12451.0,793.0,0
IoT,1724940161.1104105,1196.041,6958.0,1038.0,0
IoT,1724940161.1118393,1262.261,13306.0,855.0,0
IoT,1724940161.1133168,1254.048,6897.0,1037.0,0
IoT,1724940161.1148336,1328.813,6714.0,915.0,0
IoT,1724940161.1164887,1351.392,13245.0,1709.0,0
IoT,1724940161.118108,1272.572,6164.0,855.0,0
IoT,1724940161.1196826,1307.803,12268.0,1526.0,0
IoT,1724940161.121282,1201.913,6348.0,915.0,0
IoT,1724940161.1227562,1373.796,11902.0,1648.0,0
IoT,1724940161.124396,1363.327,12451.0,1709.0,0
IoT,1724940161.126015,1262.974,6103.0,855.0,0
IoT,1724940161.1275268,1384.773,12146.0,1708.0,0
IoT,1724940161.129192,1279.98,5554.0,794.0,0
IoT,1724940161.1307247,1324.467,13062.0,1770.0,0
IoT,1724940161.1323311,1244.781,6714.0,915.0,0
IoT,1724940161.1338384,1233.693,6287.0,854.0,0
IoT,1724940161.1353698,1272.255,6164.0,1587.0,0
IoT,1724940161.1369257,1243.389,6348.0,916.0,0
IoT,1724940161.1384187,1346.642,11658.0,1587.0,0
IoT,1724940161.1400223,1233.745,6103.0,915.0,0
IoT,1724940161.141491,1331.279,12451.0,1770.0,0
IoT,1724940161.1431103,1258.002,6653.0,855.0,0
IoT,1724940161.1445735,1266.735,12024.0,1526.0,0
IoT,1724940161.1460707,1294.792,6409.0,915.0,0
IoT,1724940161.147629,1319.849,11841.0,1648.0,0
IoT,1724940161.1492534,1349.652,6408.0,855.0,0
IoT,1724940161.1508682,1417.262,6531.0,977.0,0
IoT,1724940161.1527474,1318.741,12268.0,2197.0,0
IoT,1724940161.1543722,1307.004,12573.0,2258.0,0
IoT,1724940161.1559937,1261.955,7080.0,1099.0,0
IoT,1724940161.15756,1389.461,13916.0,2136.0,0
IoT,1724940161.1592276,1332.099,6653.0,1099.0,0
IoT,1724940161.1608527,1227.11,6103.0,1038.0,0
IoT,1724940161.162358,1346.588,12207.0,2075.0,0
IoT,1724940161.164001,1279.017,6470.0,916.0,0
IoT,1724940161.1655357,1316.558,11718.0,1648.0,0
IoT,1724940161.1671326,1160.031,6165.0,915.0,0
IoT,1724940161.1685567,1337.63,13428.0,1648.0,0
IoT,1724940161.1701667,1191.156,6469.0,916.0,0
IoT,1724940161.171642,1254.429,11902.0,1587.0,0
